code,Area,Year,Measure,average house price 2011,unemployment rate ,Average Household Income 2011
E02000001,City of London 001,Year ending Dec 2011,Mean,541192,0.9,59728
E02000002,Barking and Dagenham 001,Year ending Dec 2011,Mean,191618,11.8,31788
E02000003,Barking and Dagenham 002,Year ending Dec 2011,Mean,193483,7,43357
E02000004,Barking and Dagenham 003,Year ending Dec 2011,Mean,195785,5.3,46701
E02000005,Barking and Dagenham 004,Year ending Dec 2011,Mean,168656,9.6,34294
E02000007,Barking and Dagenham 006,Year ending Dec 2011,Mean,162814,12.7,29976
E02000008,Barking and Dagenham 007,Year ending Dec 2011,Mean,164706,11,31413
E02000009,Barking and Dagenham 008,Year ending Dec 2011,Mean,182365,10.6,32139
E02000010,Barking and Dagenham 009,Year ending Dec 2011,Mean,159173,12.7,31811
E02000011,Barking and Dagenham 010,Year ending Dec 2011,Mean,179886,7.6,39012
E02000012,Barking and Dagenham 011,Year ending Dec 2011,Mean,256403,5.3,50190
E02000013,Barking and Dagenham 012,Year ending Dec 2011,Mean,162474,10.7,31976
E02000014,Barking and Dagenham 013,Year ending Dec 2011,Mean,159415,11,31469
E02000015,Barking and Dagenham 014,Year ending Dec 2011,Mean,146469,11.5,28786
E02000016,Barking and Dagenham 015,Year ending Dec 2011,Mean,160006,10,31501
E02000017,Barking and Dagenham 016,Year ending Dec 2011,Mean,222301,6.4,40525
E02000018,Barking and Dagenham 017,Year ending Dec 2011,Mean,157125,12.8,31246
E02000019,Barking and Dagenham 018,Year ending Dec 2011,Mean,159590,10.3,34810
E02000020,Barking and Dagenham 019,Year ending Dec 2011,Mean,168003,9.4,32714
E02000021,Barking and Dagenham 020,Year ending Dec 2011,Mean,155020,9.9,33542
E02000022,Barking and Dagenham 021,Year ending Dec 2011,Mean,132063,17.1,25819
E02000023,Barking and Dagenham 022,Year ending Dec 2011,Mean,163080,15.2,28381
E02006799,Barking and Dagenham 023,Year ending Dec 2011,Mean,187593,10.5,32466
E02000024,Barnet 001,Year ending Dec 2011,Mean,413856,2.1,57048
E02000025,Barnet 002,Year ending Dec 2011,Mean,308393,4.3,41882
E02000026,Barnet 003,Year ending Dec 2011,Mean,366544,3.6,50617
E02000027,Barnet 004,Year ending Dec 2011,Mean,303613,7.1,35266
E02000028,Barnet 005,Year ending Dec 2011,Mean,368918,4.7,50631
E02000029,Barnet 006,Year ending Dec 2011,Mean,285945,5.9,40212
E02000030,Barnet 007,Year ending Dec 2011,Mean,812724,3.8,60082
E02000031,Barnet 008,Year ending Dec 2011,Mean,487678,2.6,55167
E02000032,Barnet 009,Year ending Dec 2011,Mean,399401,2.4,53473
E02000033,Barnet 010,Year ending Dec 2011,Mean,301811,5.9,37979
E02000034,Barnet 011,Year ending Dec 2011,Mean,323152,5.1,41756
E02000035,Barnet 012,Year ending Dec 2011,Mean,399081,4.1,45995
E02000036,Barnet 013,Year ending Dec 2011,Mean,298429,5,40153
E02000037,Barnet 014,Year ending Dec 2011,Mean,390641,5.6,47245
E02000038,Barnet 015,Year ending Dec 2011,Mean,350482,4.9,43264
E02000039,Barnet 016,Year ending Dec 2011,Mean,568443,3.1,58612
E02000040,Barnet 017,Year ending Dec 2011,Mean,442240,6.7,40961
E02000041,Barnet 018,Year ending Dec 2011,Mean,356771,4.9,39331
E02000042,Barnet 019,Year ending Dec 2011,Mean,313571,3.6,41016
E02000043,Barnet 020,Year ending Dec 2011,Mean,529478,2.1,66208
E02000044,Barnet 021,Year ending Dec 2011,Mean,322826,8.9,33715
E02000045,Barnet 022,Year ending Dec 2011,Mean,315362,7.1,37174
E02000046,Barnet 023,Year ending Dec 2011,Mean,404678,3.1,48274
E02000047,Barnet 024,Year ending Dec 2011,Mean,237437,9.1,29015
E02000048,Barnet 025,Year ending Dec 2011,Mean,431250,3.9,52947
E02000049,Barnet 026,Year ending Dec 2011,Mean,216106,13.8,24842
E02000050,Barnet 027,Year ending Dec 2011,Mean,327832,5.6,38819
E02000051,Barnet 028,Year ending Dec 2011,Mean,563421,3,54826
E02000052,Barnet 029,Year ending Dec 2011,Mean,424641,3.6,47800
E02000053,Barnet 030,Year ending Dec 2011,Mean,259877,5.3,33197
E02000054,Barnet 031,Year ending Dec 2011,Mean,488692,4.2,41449
E02000055,Barnet 032,Year ending Dec 2011,Mean,446496,3.2,40399
E02000056,Barnet 033,Year ending Dec 2011,Mean,1411778,2.3,82086
E02000057,Barnet 034,Year ending Dec 2011,Mean,452568,2.8,47910
E02000058,Barnet 035,Year ending Dec 2011,Mean,610032,2.7,63229
E02000059,Barnet 036,Year ending Dec 2011,Mean,263227,5.5,31014
E02000060,Barnet 037,Year ending Dec 2011,Mean,549986,3.4,51681
E02000061,Barnet 038,Year ending Dec 2011,Mean,927250,2.3,62825
E02000062,Barnet 039,Year ending Dec 2011,Mean,258420,8.5,30444
E02000063,Barnet 040,Year ending Dec 2011,Mean,330052,7.4,36256
E02000064,Barnet 041,Year ending Dec 2011,Mean,545638,7.3,36552
E02000065,Bexley 001,Year ending Dec 2011,Mean,138159,9.2,33469
E02000066,Bexley 002,Year ending Dec 2011,Mean,131562,9.2,27895
E02000067,Bexley 003,Year ending Dec 2011,Mean,157086,7.2,32432
E02000068,Bexley 004,Year ending Dec 2011,Mean,162724,9.8,32275
E02000069,Bexley 005,Year ending Dec 2011,Mean,176796,5.2,36125
E02000070,Bexley 006,Year ending Dec 2011,Mean,232542,2.7,41498
E02000071,Bexley 007,Year ending Dec 2011,Mean,201746,5.2,36942
E02000072,Bexley 008,Year ending Dec 2011,Mean,150802,12.3,28171
E02000073,Bexley 009,Year ending Dec 2011,Mean,239214,2.8,47654
E02000074,Bexley 010,Year ending Dec 2011,Mean,169142,7.8,30794
E02000075,Bexley 011,Year ending Dec 2011,Mean,247887,1.9,48026
E02000077,Bexley 013,Year ending Dec 2011,Mean,217324,2.7,39277
E02000078,Bexley 014,Year ending Dec 2011,Mean,207935,2.4,45398
E02000079,Bexley 015,Year ending Dec 2011,Mean,231062,2.5,46634
E02000080,Bexley 016,Year ending Dec 2011,Mean,227897,3.6,40735
E02000081,Bexley 017,Year ending Dec 2011,Mean,227135,3.3,39810
E02000082,Bexley 018,Year ending Dec 2011,Mean,237505,1.8,44882
E02000083,Bexley 019,Year ending Dec 2011,Mean,184728,4.9,36051
E02000084,Bexley 020,Year ending Dec 2011,Mean,273386,2.2,51286
E02000085,Bexley 021,Year ending Dec 2011,Mean,224029,2.7,41593
E02000086,Bexley 022,Year ending Dec 2011,Mean,259986,1.9,51001
E02000087,Bexley 023,Year ending Dec 2011,Mean,354918,1.9,59764
E02000088,Bexley 024,Year ending Dec 2011,Mean,275268,1.7,49885
E02000089,Bexley 025,Year ending Dec 2011,Mean,281905,1.7,52582
E02000090,Bexley 026,Year ending Dec 2011,Mean,225254,2.8,46213
E02000091,Bexley 027,Year ending Dec 2011,Mean,262285,2.7,46622
E02000092,Bexley 028,Year ending Dec 2011,Mean,225326,7.3,33727
E02006785,Bexley 029,Year ending Dec 2011,Mean,205360,4.1,36787
E02000093,Brent 001,Year ending Dec 2011,Mean,315597,4.8,41647
E02000094,Brent 002,Year ending Dec 2011,Mean,280690,5.6,38184
E02000095,Brent 003,Year ending Dec 2011,Mean,291185,4.4,41507
E02000096,Brent 004,Year ending Dec 2011,Mean,416026,2.1,63575
E02000097,Brent 005,Year ending Dec 2011,Mean,299288,5.1,37558
E02000098,Brent 006,Year ending Dec 2011,Mean,358360,4.4,46021
E02000099,Brent 007,Year ending Dec 2011,Mean,289504,6,43408
E02000100,Brent 008,Year ending Dec 2011,Mean,388721,2.2,60361
E02000101,Brent 009,Year ending Dec 2011,Mean,342755,7.9,34454
E02000102,Brent 010,Year ending Dec 2011,Mean,240402,9.2,29459
E02000103,Brent 011,Year ending Dec 2011,Mean,300258,8.7,33334
E02000104,Brent 012,Year ending Dec 2011,Mean,300389,4.6,40816
E02000105,Brent 013,Year ending Dec 2011,Mean,278719,4.9,37661
E02000106,Brent 014,Year ending Dec 2011,Mean,305056,9.7,30371
E02000107,Brent 015,Year ending Dec 2011,Mean,458182,5.2,38314
E02000108,Brent 016,Year ending Dec 2011,Mean,263180,5.7,35668
E02000109,Brent 017,Year ending Dec 2011,Mean,266140,5,35108
E02000110,Brent 018,Year ending Dec 2011,Mean,424634,5.1,45444
E02000111,Brent 019,Year ending Dec 2011,Mean,248979,3.9,33767
E02000112,Brent 020,Year ending Dec 2011,Mean,267201,4.4,32604
E02000113,Brent 021,Year ending Dec 2011,Mean,206288,14.3,25015
E02000114,Brent 022,Year ending Dec 2011,Mean,350301,4.9,35578
E02000115,Brent 023,Year ending Dec 2011,Mean,456722,3.2,47505
E02000116,Brent 024,Year ending Dec 2011,Mean,247770,8.9,28724
E02000117,Brent 025,Year ending Dec 2011,Mean,247211,11.4,26207
E02000118,Brent 026,Year ending Dec 2011,Mean,233904,5.4,30986
E02000119,Brent 027,Year ending Dec 2011,Mean,202270,11.9,26824
E02000120,Brent 028,Year ending Dec 2011,Mean,429265,3.5,45668
E02000121,Brent 029,Year ending Dec 2011,Mean,220437,4.6,32818
E02000122,Brent 030,Year ending Dec 2011,Mean,623783,3.9,58838
E02000123,Brent 031,Year ending Dec 2011,Mean,269904,9.2,28685
E02000124,Brent 032,Year ending Dec 2011,Mean,605206,4.3,52930
E02000125,Brent 033,Year ending Dec 2011,Mean,449798,4.8,46389
E02000126,Brent 034,Year ending Dec 2011,Mean,328925,8.8,27488
E02000127,Bromley 001,Year ending Dec 2011,Mean,220410,8.9,33664
E02000128,Bromley 002,Year ending Dec 2011,Mean,384648,3.3,48167
E02000130,Bromley 004,Year ending Dec 2011,Mean,305049,3.7,44359
E02000131,Bromley 005,Year ending Dec 2011,Mean,226045,5.8,38718
E02000132,Bromley 006,Year ending Dec 2011,Mean,246004,3.7,46812
E02000133,Bromley 007,Year ending Dec 2011,Mean,561812,1.6,78281
E02000134,Bromley 008,Year ending Dec 2011,Mean,272602,3.4,46642
E02000135,Bromley 009,Year ending Dec 2011,Mean,193491,10.5,29324
E02000136,Bromley 010,Year ending Dec 2011,Mean,454958,5.1,45204
E02000137,Bromley 011,Year ending Dec 2011,Mean,307457,2.3,58657
E02000138,Bromley 012,Year ending Dec 2011,Mean,392163,1.1,63702
E02000139,Bromley 013,Year ending Dec 2011,Mean,295576,2.9,50225
E02000140,Bromley 014,Year ending Dec 2011,Mean,185392,9.5,30474
E02000141,Bromley 015,Year ending Dec 2011,Mean,240824,4.5,42638
E02000142,Bromley 016,Year ending Dec 2011,Mean,356604,2.6,59037
E02000144,Bromley 018,Year ending Dec 2011,Mean,315290,2.3,58035
E02000145,Bromley 019,Year ending Dec 2011,Mean,182245,11.3,31433
E02000146,Bromley 020,Year ending Dec 2011,Mean,267837,1.9,48968
E02000147,Bromley 021,Year ending Dec 2011,Mean,448452,1.5,72022
E02000148,Bromley 022,Year ending Dec 2011,Mean,469582,2.1,64983
E02000149,Bromley 023,Year ending Dec 2011,Mean,229584,6.8,38154
E02000150,Bromley 024,Year ending Dec 2011,Mean,374226,2.3,56276
E02000151,Bromley 025,Year ending Dec 2011,Mean,444538,1.3,68374
E02000152,Bromley 026,Year ending Dec 2011,Mean,287733,7.9,38333
E02000153,Bromley 027,Year ending Dec 2011,Mean,366799,1.6,61793
E02000154,Bromley 028,Year ending Dec 2011,Mean,333480,2.8,53021
E02000155,Bromley 029,Year ending Dec 2011,Mean,229799,2.2,42054
E02000156,Bromley 030,Year ending Dec 2011,Mean,350420,1.4,60365
E02000157,Bromley 031,Year ending Dec 2011,Mean,337301,1.4,62278
E02000158,Bromley 032,Year ending Dec 2011,Mean,300956,6.5,43334
E02000159,Bromley 033,Year ending Dec 2011,Mean,713648,2.2,65043
E02000160,Bromley 034,Year ending Dec 2011,Mean,330943,1.7,57967
E02000161,Bromley 035,Year ending Dec 2011,Mean,294603,1.4,58393
E02000162,Bromley 036,Year ending Dec 2011,Mean,306719,2.8,45905
E02000163,Bromley 037,Year ending Dec 2011,Mean,484316,1.7,58849
E02000165,Bromley 039,Year ending Dec 2011,Mean,240310,2,46440
E02006782,Bromley 040,Year ending Dec 2011,Mean,304734,5.5,41882
E02006787,Bromley 041,Year ending Dec 2011,Mean,309840,2.6,52769
E02006789,Bromley 042,Year ending Dec 2011,Mean,356011,2.6,50285
E02000166,Camden 001,Year ending Dec 2011,Mean,841537,5,56416
E02000167,Camden 002,Year ending Dec 2011,Mean,1514342,1.5,94987
E02000168,Camden 003,Year ending Dec 2011,Mean,554520,4,57140
E02000169,Camden 004,Year ending Dec 2011,Mean,1440181,2.2,96417
E02000170,Camden 005,Year ending Dec 2011,Mean,654160,2.5,65878
E02000171,Camden 006,Year ending Dec 2011,Mean,620351,3.9,61274
E02000172,Camden 007,Year ending Dec 2011,Mean,412978,9.4,33423
E02000173,Camden 008,Year ending Dec 2011,Mean,898259,1.8,79403
E02000174,Camden 009,Year ending Dec 2011,Mean,562384,5.6,42286
E02000175,Camden 010,Year ending Dec 2011,Mean,522081,3.5,57233
E02000176,Camden 011,Year ending Dec 2011,Mean,796157,1,82128
E02000177,Camden 012,Year ending Dec 2011,Mean,450834,8.1,37963
E02000178,Camden 013,Year ending Dec 2011,Mean,397823,5.6,39778
E02000179,Camden 014,Year ending Dec 2011,Mean,916660,6.6,55178
E02000180,Camden 015,Year ending Dec 2011,Mean,483919,4.5,42877
E02000181,Camden 016,Year ending Dec 2011,Mean,651328,2.9,71414
E02000182,Camden 017,Year ending Dec 2011,Mean,1050282,4.8,62298
E02000183,Camden 018,Year ending Dec 2011,Mean,1162125,3.4,64374
E02000184,Camden 019,Year ending Dec 2011,Mean,366943,6.9,34491
E02000185,Camden 020,Year ending Dec 2011,Mean,527252,7.3,34955
E02000186,Camden 021,Year ending Dec 2011,Mean,969143,3.5,46772
E02000187,Camden 022,Year ending Dec 2011,Mean,407600,9.6,28942
E02000188,Camden 023,Year ending Dec 2011,Mean,338956,6.8,30767
E02000189,Camden 024,Year ending Dec 2011,Mean,435249,7.2,33914
E02000190,Camden 025,Year ending Dec 2011,Mean,383358,3.3,36800
E02000191,Camden 026,Year ending Dec 2011,Mean,753974,1.3,45271
E02000192,Camden 027,Year ending Dec 2011,Mean,639481,6,40721
E02000193,Camden 028,Year ending Dec 2011,Mean,552964,1.6,46474
E02000194,Croydon 001,Year ending Dec 2011,Mean,249218,5.6,39677
E02000195,Croydon 002,Year ending Dec 2011,Mean,298457,3.9,46098
E02000196,Croydon 003,Year ending Dec 2011,Mean,248171,6,36456
E02000197,Croydon 004,Year ending Dec 2011,Mean,232051,7.8,35716
E02000198,Croydon 005,Year ending Dec 2011,Mean,182135,9.1,32035
E02000199,Croydon 006,Year ending Dec 2011,Mean,203467,7.4,35611
E02000200,Croydon 007,Year ending Dec 2011,Mean,216457,7.7,34446
E02000201,Croydon 008,Year ending Dec 2011,Mean,183935,9.2,30070
E02000202,Croydon 009,Year ending Dec 2011,Mean,212912,5.8,34373
E02000203,Croydon 010,Year ending Dec 2011,Mean,178429,7.1,31799
E02000204,Croydon 011,Year ending Dec 2011,Mean,211714,7.3,34222
E02000206,Croydon 013,Year ending Dec 2011,Mean,161878,10,30425
E02000207,Croydon 014,Year ending Dec 2011,Mean,206439,9.7,32714
E02000208,Croydon 015,Year ending Dec 2011,Mean,158480,11.4,28798
E02000209,Croydon 016,Year ending Dec 2011,Mean,186287,9,32112
E02000210,Croydon 017,Year ending Dec 2011,Mean,208444,5.2,38842
E02000211,Croydon 018,Year ending Dec 2011,Mean,257361,2.3,50494
E02000212,Croydon 019,Year ending Dec 2011,Mean,184946,9.4,29601
E02000213,Croydon 020,Year ending Dec 2011,Mean,186886,10.9,28886
E02000214,Croydon 021,Year ending Dec 2011,Mean,284492,2.8,50959
E02000215,Croydon 022,Year ending Dec 2011,Mean,216783,5,37245
E02000216,Croydon 023,Year ending Dec 2011,Mean,270349,2.4,60589
E02000217,Croydon 024,Year ending Dec 2011,Mean,187028,7.9,34138
E02000218,Croydon 025,Year ending Dec 2011,Mean,294536,10.5,37565
E02000219,Croydon 026,Year ending Dec 2011,Mean,360912,1.5,59192
E02000220,Croydon 027,Year ending Dec 2011,Mean,203364,4.6,37356
E02000221,Croydon 028,Year ending Dec 2011,Mean,218174,9,34236
E02000222,Croydon 029,Year ending Dec 2011,Mean,271505,3.6,50584
E02000223,Croydon 030,Year ending Dec 2011,Mean,153167,18.4,24037
E02000224,Croydon 031,Year ending Dec 2011,Mean,228773,4.8,45448
E02000225,Croydon 032,Year ending Dec 2011,Mean,180644,9,28558
E02000226,Croydon 033,Year ending Dec 2011,Mean,344559,1.9,59831
E02000227,Croydon 034,Year ending Dec 2011,Mean,199216,4,41005
E02000228,Croydon 035,Year ending Dec 2011,Mean,412481,1.9,70430
E02000229,Croydon 036,Year ending Dec 2011,Mean,192731,12.5,25519
E02000230,Croydon 037,Year ending Dec 2011,Mean,296086,3.5,57967
E02000231,Croydon 038,Year ending Dec 2011,Mean,707497,2,72879
E02000232,Croydon 039,Year ending Dec 2011,Mean,319353,2.9,50861
E02000233,Croydon 040,Year ending Dec 2011,Mean,283882,4.8,51610
E02000234,Croydon 041,Year ending Dec 2011,Mean,288228,3.7,51188
E02000235,Croydon 042,Year ending Dec 2011,Mean,359504,3.8,59565
E02000236,Croydon 043,Year ending Dec 2011,Mean,329315,2.5,56055
E02000237,Croydon 044,Year ending Dec 2011,Mean,285526,2.6,50443
E02006788,Croydon 045,Year ending Dec 2011,Mean,199963,8.6,33382
E02000238,Ealing 001,Year ending Dec 2011,Mean,233335,5,37495
E02000239,Ealing 002,Year ending Dec 2011,Mean,283341,2.8,43315
E02000240,Ealing 003,Year ending Dec 2011,Mean,208758,9.8,32526
E02000241,Ealing 004,Year ending Dec 2011,Mean,245610,5.9,39087
E02000242,Ealing 005,Year ending Dec 2011,Mean,273137,4,38043
E02000243,Ealing 006,Year ending Dec 2011,Mean,264681,4.4,37441
E02000244,Ealing 007,Year ending Dec 2011,Mean,260039,4.4,41253
E02000245,Ealing 008,Year ending Dec 2011,Mean,178363,12.1,28518
E02000246,Ealing 009,Year ending Dec 2011,Mean,210615,9.7,31355
E02000247,Ealing 010,Year ending Dec 2011,Mean,199338,9.3,33400
E02000248,Ealing 011,Year ending Dec 2011,Mean,334587,4.9,49092
E02000249,Ealing 012,Year ending Dec 2011,Mean,252058,5.3,35930
E02000250,Ealing 013,Year ending Dec 2011,Mean,487146,1.8,79219
E02000251,Ealing 014,Year ending Dec 2011,Mean,255172,5.4,36599
E02000252,Ealing 015,Year ending Dec 2011,Mean,271306,9.3,34105
E02000253,Ealing 016,Year ending Dec 2011,Mean,263715,8.1,33463
E02000254,Ealing 017,Year ending Dec 2011,Mean,245083,4.6,33335
E02000255,Ealing 018,Year ending Dec 2011,Mean,432134,6.2,51933
E02000256,Ealing 019,Year ending Dec 2011,Mean,526817,3.1,64951
E02000257,Ealing 020,Year ending Dec 2011,Mean,466851,2.7,66306
E02000258,Ealing 021,Year ending Dec 2011,Mean,389280,5.4,45223
E02000259,Ealing 022,Year ending Dec 2011,Mean,356425,3.6,53957
E02000260,Ealing 023,Year ending Dec 2011,Mean,264615,6.2,31728
E02000261,Ealing 024,Year ending Dec 2011,Mean,354417,6.9,37855
E02000262,Ealing 025,Year ending Dec 2011,Mean,403632,4.9,39408
E02000263,Ealing 026,Year ending Dec 2011,Mean,215961,6.3,28605
E02000264,Ealing 027,Year ending Dec 2011,Mean,430045,2.9,58936
E02000265,Ealing 028,Year ending Dec 2011,Mean,344165,5,42837
E02000266,Ealing 029,Year ending Dec 2011,Mean,216704,11.4,28452
E02000267,Ealing 030,Year ending Dec 2011,Mean,322928,3.8,48042
E02000268,Ealing 031,Year ending Dec 2011,Mean,462984,3.8,60724
E02000269,Ealing 032,Year ending Dec 2011,Mean,469676,2,70181
E02000270,Ealing 033,Year ending Dec 2011,Mean,322561,9.1,31174
E02000271,Ealing 034,Year ending Dec 2011,Mean,841501,2,79903
E02000272,Ealing 035,Year ending Dec 2011,Mean,429690,2,65151
E02000274,Ealing 037,Year ending Dec 2011,Mean,214532,9.1,27246
E02000275,Ealing 038,Year ending Dec 2011,Mean,262388,7,32071
E02000276,Ealing 039,Year ending Dec 2011,Mean,408276,2.1,63450
E02006791,Ealing 040,Year ending Dec 2011,Mean,531743,2.8,62218
E02000277,Enfield 001,Year ending Dec 2011,Mean,214875,9.3,32400
E02000278,Enfield 002,Year ending Dec 2011,Mean,203092,14.7,27395
E02000279,Enfield 003,Year ending Dec 2011,Mean,182553,14.3,30690
E02000280,Enfield 004,Year ending Dec 2011,Mean,288015,5.7,44271
E02000281,Enfield 005,Year ending Dec 2011,Mean,223978,9.6,33855
E02000282,Enfield 006,Year ending Dec 2011,Mean,184556,16.7,25056
E02000283,Enfield 007,Year ending Dec 2011,Mean,213716,12,30860
E02000284,Enfield 008,Year ending Dec 2011,Mean,259386,4.5,49547
E02000285,Enfield 009,Year ending Dec 2011,Mean,318888,2.8,54412
E02000286,Enfield 010,Year ending Dec 2011,Mean,289459,2.1,57403
E02000287,Enfield 011,Year ending Dec 2011,Mean,707049,2.7,66820
E02000288,Enfield 012,Year ending Dec 2011,Mean,198536,11.3,29015
E02000289,Enfield 013,Year ending Dec 2011,Mean,440657,3.3,60928
E02000290,Enfield 014,Year ending Dec 2011,Mean,181824,15.5,25100
E02000291,Enfield 015,Year ending Dec 2011,Mean,242091,7.5,37881
E02000292,Enfield 016,Year ending Dec 2011,Mean,238935,6.8,39782
E02000293,Enfield 017,Year ending Dec 2011,Mean,505309,2.8,67083
E02000294,Enfield 018,Year ending Dec 2011,Mean,204031,10.5,30113
E02000295,Enfield 019,Year ending Dec 2011,Mean,326226,5.4,52917
E02000296,Enfield 020,Year ending Dec 2011,Mean,274325,5.8,42971
E02000297,Enfield 021,Year ending Dec 2011,Mean,335995,2.6,56124
E02000298,Enfield 022,Year ending Dec 2011,Mean,525256,1.9,69080
E02000299,Enfield 023,Year ending Dec 2011,Mean,209164,11.6,28132
E02000300,Enfield 024,Year ending Dec 2011,Mean,207896,10.8,30446
E02000301,Enfield 025,Year ending Dec 2011,Mean,171399,13.7,25665
E02000302,Enfield 026,Year ending Dec 2011,Mean,324245,4.9,42790
E02000303,Enfield 027,Year ending Dec 2011,Mean,220833,14,26515
E02000304,Enfield 028,Year ending Dec 2011,Mean,506754,2.3,69078
E02000305,Enfield 029,Year ending Dec 2011,Mean,318611,2.8,52764
E02000306,Enfield 030,Year ending Dec 2011,Mean,170671,14.6,22982
E02000307,Enfield 031,Year ending Dec 2011,Mean,213584,10.3,32782
E02000308,Enfield 032,Year ending Dec 2011,Mean,307082,6.4,39839
E02000309,Enfield 033,Year ending Dec 2011,Mean,183323,13.9,26897
E02000311,Enfield 035,Year ending Dec 2011,Mean,256729,7.7,33886
E02000312,Enfield 036,Year ending Dec 2011,Mean,298590,3.7,43662
E02006793,Enfield 037,Year ending Dec 2011,Mean,159394,15.1,24770
E02000313,Greenwich 001,Year ending Dec 2011,Mean,143700,10.4,31525
E02000314,Greenwich 002,Year ending Dec 2011,Mean,161441,11.4,38367
E02000315,Greenwich 003,Year ending Dec 2011,Mean,155341,12.1,30773
E02000316,Greenwich 004,Year ending Dec 2011,Mean,229250,7,37777
E02000317,Greenwich 005,Year ending Dec 2011,Mean,220652,14.1,30018
E02000318,Greenwich 006,Year ending Dec 2011,Mean,170677,7.7,32694
E02000319,Greenwich 007,Year ending Dec 2011,Mean,179703,7.9,35079
E02000320,Greenwich 008,Year ending Dec 2011,Mean,185880,8.6,36267
E02000321,Greenwich 009,Year ending Dec 2011,Mean,175304,9.7,30097
E02000323,Greenwich 011,Year ending Dec 2011,Mean,186594,9.9,30203
E02000324,Greenwich 012,Year ending Dec 2011,Mean,252260,8.8,34887
E02000326,Greenwich 014,Year ending Dec 2011,Mean,280613,6.4,51830
E02000327,Greenwich 015,Year ending Dec 2011,Mean,179200,10.6,32900
E02000328,Greenwich 016,Year ending Dec 2011,Mean,418484,2.9,65812
E02000329,Greenwich 017,Year ending Dec 2011,Mean,190984,5.3,39287
E02000331,Greenwich 019,Year ending Dec 2011,Mean,262236,6.9,38317
E02000332,Greenwich 020,Year ending Dec 2011,Mean,241434,4.9,53138
E02000333,Greenwich 021,Year ending Dec 2011,Mean,528229,2.7,77022
E02000334,Greenwich 022,Year ending Dec 2011,Mean,260195,5.6,42680
E02000335,Greenwich 023,Year ending Dec 2011,Mean,240073,2.7,55413
E02000337,Greenwich 025,Year ending Dec 2011,Mean,232482,6.3,36672
E02000339,Greenwich 027,Year ending Dec 2011,Mean,304522,2.7,62177
E02000340,Greenwich 028,Year ending Dec 2011,Mean,246525,2.6,53712
E02000341,Greenwich 029,Year ending Dec 2011,Mean,201237,10.1,33094
E02000342,Greenwich 030,Year ending Dec 2011,Mean,217651,7.6,38211
E02000343,Greenwich 031,Year ending Dec 2011,Mean,280346,5.7,40429
E02000344,Greenwich 032,Year ending Dec 2011,Mean,263084,2.5,55424
E02006786,Greenwich 033,Year ending Dec 2011,Mean,176676,8.5,35209
E02006927,Greenwich 034,Year ending Dec 2011,Mean,382473,5.6,49540
E02006928,Greenwich 035,Year ending Dec 2011,Mean,313753,8.3,44143
E02006929,Greenwich 036,Year ending Dec 2011,Mean,310388,6.3,45495
E02006930,Greenwich 037,Year ending Dec 2011,Mean,396548,2.5,59977
E02006931,Greenwich 038,Year ending Dec 2011,Mean,534018,4.3,61690
E02000345,Hackney 001,Year ending Dec 2011,Mean,305963,5.5,43760
E02000346,Hackney 002,Year ending Dec 2011,Mean,223026,11.2,26204
E02000347,Hackney 003,Year ending Dec 2011,Mean,346929,6.6,42656
E02000348,Hackney 004,Year ending Dec 2011,Mean,337418,9.4,34139
E02000350,Hackney 006,Year ending Dec 2011,Mean,358038,4.3,49481
E02000351,Hackney 007,Year ending Dec 2011,Mean,355332,3.8,52994
E02000352,Hackney 008,Year ending Dec 2011,Mean,341167,6.3,48329
E02000353,Hackney 009,Year ending Dec 2011,Mean,456559,3.4,60407
E02000354,Hackney 010,Year ending Dec 2011,Mean,285123,8.6,33551
E02000355,Hackney 011,Year ending Dec 2011,Mean,339391,5.3,43215
E02000356,Hackney 012,Year ending Dec 2011,Mean,392348,3.6,61228
E02000357,Hackney 013,Year ending Dec 2011,Mean,193794,13.5,26869
E02000358,Hackney 014,Year ending Dec 2011,Mean,346169,6.8,40075
E02000359,Hackney 015,Year ending Dec 2011,Mean,358496,8.2,38829
E02000360,Hackney 016,Year ending Dec 2011,Mean,284921,9.8,32233
E02000361,Hackney 017,Year ending Dec 2011,Mean,306422,6.6,36373
E02000362,Hackney 018,Year ending Dec 2011,Mean,272449,9.9,33136
E02000363,Hackney 019,Year ending Dec 2011,Mean,282598,13.4,28049
E02000364,Hackney 020,Year ending Dec 2011,Mean,418725,5.2,49573
E02000365,Hackney 021,Year ending Dec 2011,Mean,383373,4.4,48675
E02000366,Hackney 022,Year ending Dec 2011,Mean,424663,8,38344
E02000367,Hackney 023,Year ending Dec 2011,Mean,344842,6.9,45683
E02000368,Hackney 024,Year ending Dec 2011,Mean,304040,10.1,31136
E02000369,Hackney 025,Year ending Dec 2011,Mean,367280,8.5,34623
E02000370,Hackney 026,Year ending Dec 2011,Mean,381740,8.9,34297
E02000371,Hackney 027,Year ending Dec 2011,Mean,398723,5.6,42306
E02006918,Hackney 028,Year ending Dec 2011,Mean,233860,11.4,32135
E02006921,Hackney 029,Year ending Dec 2011,Mean,251540,10.1,31933
E02000372,Hammersmith and Fulham 001,Year ending Dec 2011,Mean,280138,9.6,34032
E02000373,Hammersmith and Fulham 002,Year ending Dec 2011,Mean,229000,14.5,23584
E02000374,Hammersmith and Fulham 003,Year ending Dec 2011,Mean,459427,7.9,43106
E02000375,Hammersmith and Fulham 004,Year ending Dec 2011,Mean,455787,6.1,39383
E02000376,Hammersmith and Fulham 005,Year ending Dec 2011,Mean,414483,4.7,43064
E02000377,Hammersmith and Fulham 006,Year ending Dec 2011,Mean,415532,5.1,43239
E02000378,Hammersmith and Fulham 007,Year ending Dec 2011,Mean,426881,3.4,47057
E02000379,Hammersmith and Fulham 008,Year ending Dec 2011,Mean,580820,5.1,52449
E02000380,Hammersmith and Fulham 009,Year ending Dec 2011,Mean,633596,3.4,64214
E02000381,Hammersmith and Fulham 010,Year ending Dec 2011,Mean,879608,3.3,63538
E02000382,Hammersmith and Fulham 011,Year ending Dec 2011,Mean,697420,5.2,51993
E02000383,Hammersmith and Fulham 012,Year ending Dec 2011,Mean,507782,2.8,50075
E02000384,Hammersmith and Fulham 013,Year ending Dec 2011,Mean,446002,6.1,40425
E02000385,Hammersmith and Fulham 014,Year ending Dec 2011,Mean,465299,1.8,61727
E02000386,Hammersmith and Fulham 015,Year ending Dec 2011,Mean,457577,7,37955
E02000387,Hammersmith and Fulham 016,Year ending Dec 2011,Mean,453553,5,42078
E02000388,Hammersmith and Fulham 017,Year ending Dec 2011,Mean,622676,3,54490
E02000389,Hammersmith and Fulham 018,Year ending Dec 2011,Mean,673898,2.2,67701
E02000390,Hammersmith and Fulham 019,Year ending Dec 2011,Mean,610132,4,53654
E02000391,Hammersmith and Fulham 020,Year ending Dec 2011,Mean,1174500,3,73123
E02000392,Hammersmith and Fulham 021,Year ending Dec 2011,Mean,767217,5.1,63343
E02000393,Hammersmith and Fulham 022,Year ending Dec 2011,Mean,688871,1.8,77301
E02000394,Hammersmith and Fulham 023,Year ending Dec 2011,Mean,602716,5.9,54775
E02000395,Hammersmith and Fulham 024,Year ending Dec 2011,Mean,971361,1.8,83818
E02000396,Hammersmith and Fulham 025,Year ending Dec 2011,Mean,936719,5.2,64081
E02000397,Haringey 001,Year ending Dec 2011,Mean,279114,6.7,33257
E02000398,Haringey 002,Year ending Dec 2011,Mean,174064,14.6,22367
E02000400,Haringey 004,Year ending Dec 2011,Mean,385631,6.8,39937
E02000401,Haringey 005,Year ending Dec 2011,Mean,219683,13.6,25912
E02000402,Haringey 006,Year ending Dec 2011,Mean,200364,15.5,24692
E02000403,Haringey 007,Year ending Dec 2011,Mean,314760,6.1,33670
E02000404,Haringey 008,Year ending Dec 2011,Mean,243018,10,28530
E02000405,Haringey 009,Year ending Dec 2011,Mean,535489,2.9,71537
E02000406,Haringey 010,Year ending Dec 2011,Mean,254352,11.4,29462
E02000407,Haringey 011,Year ending Dec 2011,Mean,188868,11.2,25676
E02000408,Haringey 012,Year ending Dec 2011,Mean,207174,13.2,23680
E02000409,Haringey 013,Year ending Dec 2011,Mean,288620,10.7,25597
E02000410,Haringey 014,Year ending Dec 2011,Mean,556876,1.8,67618
E02000411,Haringey 015,Year ending Dec 2011,Mean,189504,11.5,26770
E02000412,Haringey 016,Year ending Dec 2011,Mean,267014,8.3,29258
E02000413,Haringey 017,Year ending Dec 2011,Mean,675579,4,67492
E02000414,Haringey 018,Year ending Dec 2011,Mean,236847,8.4,30646
E02000415,Haringey 019,Year ending Dec 2011,Mean,285549,5.9,32398
E02000416,Haringey 020,Year ending Dec 2011,Mean,318157,7.2,36723
E02000417,Haringey 021,Year ending Dec 2011,Mean,627255,2.3,69559
E02000418,Haringey 022,Year ending Dec 2011,Mean,613176,2.5,70662
E02000419,Haringey 023,Year ending Dec 2011,Mean,333310,5.4,35107
E02000420,Haringey 024,Year ending Dec 2011,Mean,238435,7.6,27619
E02000421,Haringey 025,Year ending Dec 2011,Mean,180246,11.1,25977
E02000422,Haringey 026,Year ending Dec 2011,Mean,239026,8.4,29016
E02000423,Haringey 027,Year ending Dec 2011,Mean,291304,4.1,33894
E02000424,Haringey 028,Year ending Dec 2011,Mean,457158,4.3,54881
E02000425,Haringey 029,Year ending Dec 2011,Mean,357189,6.5,34758
E02000426,Haringey 030,Year ending Dec 2011,Mean,939624,2.9,70791
E02000427,Haringey 031,Year ending Dec 2011,Mean,339486,4.5,39196
E02000428,Haringey 032,Year ending Dec 2011,Mean,243359,10.1,27231
E02000429,Haringey 033,Year ending Dec 2011,Mean,594668,1.3,73137
E02000430,Haringey 034,Year ending Dec 2011,Mean,492506,2,62370
E02000431,Haringey 035,Year ending Dec 2011,Mean,566794,1.8,71466
E02000432,Haringey 036,Year ending Dec 2011,Mean,386850,4.5,50365
E02006794,Haringey 037,Year ending Dec 2011,Mean,180735,15.1,22882
E02000433,Harrow 001,Year ending Dec 2011,Mean,572280,2.4,52851
E02000434,Harrow 002,Year ending Dec 2011,Mean,334025,3.8,46514
E02000435,Harrow 003,Year ending Dec 2011,Mean,398554,5.7,40032
E02000436,Harrow 004,Year ending Dec 2011,Mean,504790,1.2,66736
E02000437,Harrow 005,Year ending Dec 2011,Mean,298508,4.8,38886
E02000438,Harrow 006,Year ending Dec 2011,Mean,368887,5.4,38532
E02000439,Harrow 007,Year ending Dec 2011,Mean,256473,5.8,33853
E02000440,Harrow 008,Year ending Dec 2011,Mean,409276,3,49984
E02000441,Harrow 009,Year ending Dec 2011,Mean,499998,4.2,45094
E02000442,Harrow 010,Year ending Dec 2011,Mean,300077,5.1,34196
E02000443,Harrow 011,Year ending Dec 2011,Mean,250148,6.5,31192
E02000444,Harrow 012,Year ending Dec 2011,Mean,283119,4.9,38538
E02000445,Harrow 013,Year ending Dec 2011,Mean,241263,7.9,32441
E02000447,Harrow 015,Year ending Dec 2011,Mean,346286,4,46298
E02000448,Harrow 016,Year ending Dec 2011,Mean,639339,2.4,64973
E02000449,Harrow 017,Year ending Dec 2011,Mean,277905,5.5,31664
E02000451,Harrow 019,Year ending Dec 2011,Mean,350586,1.4,57632
E02000452,Harrow 020,Year ending Dec 2011,Mean,250662,4.2,38155
E02000453,Harrow 021,Year ending Dec 2011,Mean,271838,4.2,40718
E02000454,Harrow 022,Year ending Dec 2011,Mean,426742,2.1,64744
E02000455,Harrow 023,Year ending Dec 2011,Mean,267145,3.6,40966
E02000456,Harrow 024,Year ending Dec 2011,Mean,289588,4.4,41675
E02000457,Harrow 025,Year ending Dec 2011,Mean,351287,3.1,49085
E02000459,Harrow 027,Year ending Dec 2011,Mean,264381,6.4,34071
E02000460,Harrow 028,Year ending Dec 2011,Mean,232003,7.5,32466
E02000461,Harrow 029,Year ending Dec 2011,Mean,406491,2.8,55234
E02000462,Harrow 030,Year ending Dec 2011,Mean,249520,3.9,35547
E02000463,Harrow 031,Year ending Dec 2011,Mean,259945,6.8,33594
E02006795,Harrow 032,Year ending Dec 2011,Mean,277216,3.2,39658
E02006882,Harrow 033,Year ending Dec 2011,Mean,318359,3.1,39681
E02000464,Havering 001,Year ending Dec 2011,Mean,215729,7.2,30040
E02000465,Havering 002,Year ending Dec 2011,Mean,168733,7.8,29703
E02000466,Havering 003,Year ending Dec 2011,Mean,204612,7.2,33845
E02000467,Havering 004,Year ending Dec 2011,Mean,147540,9.8,25548
E02000468,Havering 005,Year ending Dec 2011,Mean,218736,5.1,35518
E02000469,Havering 006,Year ending Dec 2011,Mean,172750,6.6,30229
E02000470,Havering 007,Year ending Dec 2011,Mean,229208,2.3,43401
E02000471,Havering 008,Year ending Dec 2011,Mean,292981,2,48746
E02000472,Havering 009,Year ending Dec 2011,Mean,213411,2.9,39248
E02000473,Havering 010,Year ending Dec 2011,Mean,253055,2.2,47201
E02000474,Havering 011,Year ending Dec 2011,Mean,197293,5.8,35156
E02000475,Havering 012,Year ending Dec 2011,Mean,332950,3.5,53509
E02000476,Havering 013,Year ending Dec 2011,Mean,186525,6,35287
E02000477,Havering 014,Year ending Dec 2011,Mean,289667,1.8,51635
E02000478,Havering 015,Year ending Dec 2011,Mean,604991,1,67682
E02000479,Havering 016,Year ending Dec 2011,Mean,207827,4.1,37629
E02000480,Havering 017,Year ending Dec 2011,Mean,202087,5.7,36107
E02000481,Havering 018,Year ending Dec 2011,Mean,256425,2,45570
E02000482,Havering 019,Year ending Dec 2011,Mean,413124,1.4,65107
E02000483,Havering 020,Year ending Dec 2011,Mean,234183,2.7,38917
E02000484,Havering 021,Year ending Dec 2011,Mean,233433,2.2,44570
E02000485,Havering 022,Year ending Dec 2011,Mean,257108,2.7,46045
E02000486,Havering 023,Year ending Dec 2011,Mean,229587,2.4,41688
E02000487,Havering 024,Year ending Dec 2011,Mean,430476,0.9,66267
E02000488,Havering 025,Year ending Dec 2011,Mean,243738,2,46363
E02000489,Havering 026,Year ending Dec 2011,Mean,206842,4.8,35566
E02000490,Havering 027,Year ending Dec 2011,Mean,200494,4.1,34525
E02000491,Havering 028,Year ending Dec 2011,Mean,188638,7,31326
E02000492,Havering 029,Year ending Dec 2011,Mean,233559,2.4,38060
E02000493,Havering 030,Year ending Dec 2011,Mean,179672,7.8,32367
E02000494,Hillingdon 001,Year ending Dec 2011,Mean,676498,1.9,70794
E02000495,Hillingdon 002,Year ending Dec 2011,Mean,330581,3.2,51311
E02000496,Hillingdon 003,Year ending Dec 2011,Mean,282223,3.7,39972
E02000497,Hillingdon 004,Year ending Dec 2011,Mean,329825,3,52081
E02000498,Hillingdon 005,Year ending Dec 2011,Mean,348512,2.5,50722
E02000499,Hillingdon 006,Year ending Dec 2011,Mean,391047,1.6,60752
E02000500,Hillingdon 007,Year ending Dec 2011,Mean,443574,1.4,63912
E02000501,Hillingdon 008,Year ending Dec 2011,Mean,317381,2.9,53072
E02000502,Hillingdon 009,Year ending Dec 2011,Mean,343920,3,50711
E02000503,Hillingdon 010,Year ending Dec 2011,Mean,273349,2.1,52004
E02000504,Hillingdon 011,Year ending Dec 2011,Mean,403806,1.2,64490
E02000506,Hillingdon 013,Year ending Dec 2011,Mean,387808,1.6,64452
E02000507,Hillingdon 014,Year ending Dec 2011,Mean,252246,4.5,41272
E02000508,Hillingdon 015,Year ending Dec 2011,Mean,231978,3.1,41662
E02000509,Hillingdon 016,Year ending Dec 2011,Mean,221888,5.1,34637
E02000510,Hillingdon 017,Year ending Dec 2011,Mean,295358,4.8,41291
E02000511,Hillingdon 018,Year ending Dec 2011,Mean,220350,5.1,36289
E02000512,Hillingdon 019,Year ending Dec 2011,Mean,222384,8,32622
E02000513,Hillingdon 020,Year ending Dec 2011,Mean,198321,11.3,29670
E02000514,Hillingdon 021,Year ending Dec 2011,Mean,216509,6.5,32047
E02000515,Hillingdon 022,Year ending Dec 2011,Mean,193415,6.5,33009
E02000516,Hillingdon 023,Year ending Dec 2011,Mean,227676,8.4,34355
E02000517,Hillingdon 024,Year ending Dec 2011,Mean,226710,8.9,30310
E02000518,Hillingdon 025,Year ending Dec 2011,Mean,236613,7.5,32068
E02000519,Hillingdon 026,Year ending Dec 2011,Mean,230611,9.1,29940
E02000520,Hillingdon 027,Year ending Dec 2011,Mean,242433,9.2,30685
E02000521,Hillingdon 028,Year ending Dec 2011,Mean,197118,8.7,31286
E02000522,Hillingdon 029,Year ending Dec 2011,Mean,239147,8.7,34328
E02000523,Hillingdon 030,Year ending Dec 2011,Mean,196563,8,31491
E02000524,Hillingdon 031,Year ending Dec 2011,Mean,251491,5.6,34270
E02000525,Hillingdon 032,Year ending Dec 2011,Mean,200336,7.3,31163
E02006796,Hillingdon 033,Year ending Dec 2011,Mean,260398,4.3,41780
E02000526,Hounslow 001,Year ending Dec 2011,Mean,859667,2,78688
E02000528,Hounslow 003,Year ending Dec 2011,Mean,289761,7.7,35760
E02000529,Hounslow 004,Year ending Dec 2011,Mean,245913,7.5,33673
E02000530,Hounslow 005,Year ending Dec 2011,Mean,188470,11.7,26337
E02000531,Hounslow 006,Year ending Dec 2011,Mean,325522,3.6,45202
E02000532,Hounslow 007,Year ending Dec 2011,Mean,744826,3.7,69595
E02000533,Hounslow 008,Year ending Dec 2011,Mean,631514,3.1,67700
E02000534,Hounslow 009,Year ending Dec 2011,Mean,354374,3.5,55864
E02000535,Hounslow 010,Year ending Dec 2011,Mean,269262,5.3,36568
E02000536,Hounslow 011,Year ending Dec 2011,Mean,274591,5.7,38193
E02000537,Hounslow 012,Year ending Dec 2011,Mean,313054,3.1,49578
E02000538,Hounslow 013,Year ending Dec 2011,Mean,256346,6.6,32894
E02000539,Hounslow 014,Year ending Dec 2011,Mean,269202,5.6,41733
E02000540,Hounslow 015,Year ending Dec 2011,Mean,266692,4,40362
E02000541,Hounslow 016,Year ending Dec 2011,Mean,237306,6.3,31407
E02000542,Hounslow 017,Year ending Dec 2011,Mean,217140,5.9,33918
E02000543,Hounslow 018,Year ending Dec 2011,Mean,258653,5,38205
E02000544,Hounslow 019,Year ending Dec 2011,Mean,270697,2.6,45131
E02000545,Hounslow 020,Year ending Dec 2011,Mean,305271,7.5,36844
E02000546,Hounslow 021,Year ending Dec 2011,Mean,229018,7.4,34995
E02000547,Hounslow 022,Year ending Dec 2011,Mean,207582,6.2,35070
E02000548,Hounslow 023,Year ending Dec 2011,Mean,192935,7.1,32688
E02000549,Hounslow 024,Year ending Dec 2011,Mean,222780,4.9,35572
E02000550,Hounslow 025,Year ending Dec 2011,Mean,188448,8.2,34133
E02000551,Hounslow 026,Year ending Dec 2011,Mean,178831,9.7,29952
E02000552,Hounslow 027,Year ending Dec 2011,Mean,195226,5.6,38106
E02000553,Hounslow 028,Year ending Dec 2011,Mean,236901,6.3,37267
E02006792,Hounslow 029,Year ending Dec 2011,Mean,509064,2.2,62911
E02000554,Islington 001,Year ending Dec 2011,Mean,361917,9.1,41681
E02000555,Islington 002,Year ending Dec 2011,Mean,516869,7.5,48280
E02000556,Islington 003,Year ending Dec 2011,Mean,369009,5.9,47178
E02000557,Islington 004,Year ending Dec 2011,Mean,391531,6,45958
E02000558,Islington 005,Year ending Dec 2011,Mean,322518,11.7,33986
E02000559,Islington 006,Year ending Dec 2011,Mean,500868,4.3,69975
E02000560,Islington 007,Year ending Dec 2011,Mean,351129,4.4,47715
E02000561,Islington 008,Year ending Dec 2011,Mean,586300,3.5,71348
E02000562,Islington 009,Year ending Dec 2011,Mean,620242,6.2,54528
E02000563,Islington 010,Year ending Dec 2011,Mean,349115,8.2,40315
E02000564,Islington 011,Year ending Dec 2011,Mean,401016,5.7,49735
E02000565,Islington 012,Year ending Dec 2011,Mean,382855,9.9,44464
E02000566,Islington 013,Year ending Dec 2011,Mean,590379,3.5,75211
E02000567,Islington 014,Year ending Dec 2011,Mean,488896,7.1,54722
E02000568,Islington 015,Year ending Dec 2011,Mean,342011,9,37306
E02000569,Islington 016,Year ending Dec 2011,Mean,669485,7.7,52047
E02000570,Islington 017,Year ending Dec 2011,Mean,685256,3.7,80430
E02000571,Islington 018,Year ending Dec 2011,Mean,496327,8,46737
E02000572,Islington 019,Year ending Dec 2011,Mean,351581,10.3,36418
E02000573,Islington 020,Year ending Dec 2011,Mean,698888,3.3,76946
E02000574,Islington 021,Year ending Dec 2011,Mean,538908,4.7,54255
E02000575,Islington 022,Year ending Dec 2011,Mean,522114,4.6,54945
E02000576,Islington 023,Year ending Dec 2011,Mean,500062,7.3,43765
E02000577,Kensington and Chelsea 001,Year ending Dec 2011,Mean,465328,10.1,28503
E02000578,Kensington and Chelsea 002,Year ending Dec 2011,Mean,544668,11,32857
E02000579,Kensington and Chelsea 003,Year ending Dec 2011,Mean,725106,5.6,48968
E02000580,Kensington and Chelsea 004,Year ending Dec 2011,Mean,895425,4.9,45992
E02000581,Kensington and Chelsea 005,Year ending Dec 2011,Mean,710911,8.6,33776
E02000582,Kensington and Chelsea 006,Year ending Dec 2011,Mean,1243660,2.2,75359
E02000583,Kensington and Chelsea 007,Year ending Dec 2011,Mean,1490851,2.8,79418
E02000584,Kensington and Chelsea 008,Year ending Dec 2011,Mean,1741066,1.6,99645
E02000585,Kensington and Chelsea 009,Year ending Dec 2011,Mean,1338730,4.2,67202
E02000586,Kensington and Chelsea 010,Year ending Dec 2011,Mean,1521476,1.5,104502
E02000587,Kensington and Chelsea 011,Year ending Dec 2011,Mean,1657207,2.7,94419
E02000588,Kensington and Chelsea 012,Year ending Dec 2011,Mean,1862540,1.1,108401
E02000589,Kensington and Chelsea 013,Year ending Dec 2011,Mean,1048072,2.1,67721
E02000590,Kensington and Chelsea 014,Year ending Dec 2011,Mean,1353575,3.3,55289
E02000591,Kensington and Chelsea 015,Year ending Dec 2011,Mean,623283,3.5,50199
E02000592,Kensington and Chelsea 016,Year ending Dec 2011,Mean,1472874,1.1,97648
E02000593,Kensington and Chelsea 017,Year ending Dec 2011,Mean,876914,2.5,62231
E02000594,Kensington and Chelsea 018,Year ending Dec 2011,Mean,1370753,1.9,91954
E02000595,Kensington and Chelsea 019,Year ending Dec 2011,Mean,1893169,1.9,85825
E02000596,Kensington and Chelsea 020,Year ending Dec 2011,Mean,1207902,1.7,84580
E02000597,Kensington and Chelsea 021,Year ending Dec 2011,Mean,884315,6.2,46547
E02000598,Kingston upon Thames 001,Year ending Dec 2011,Mean,495921,2,66626
E02000599,Kingston upon Thames 002,Year ending Dec 2011,Mean,960803,2.3,78092
E02000600,Kingston upon Thames 003,Year ending Dec 2011,Mean,389218,4,49259
E02000601,Kingston upon Thames 004,Year ending Dec 2011,Mean,393799,3.1,58631
E02000602,Kingston upon Thames 005,Year ending Dec 2011,Mean,333320,4.5,38714
E02000603,Kingston upon Thames 006,Year ending Dec 2011,Mean,303448,6,39414
E02000604,Kingston upon Thames 007,Year ending Dec 2011,Mean,372480,3.2,49673
E02000605,Kingston upon Thames 008,Year ending Dec 2011,Mean,370586,2.6,50378
E02000606,Kingston upon Thames 009,Year ending Dec 2011,Mean,330848,1.8,49503
E02000607,Kingston upon Thames 010,Year ending Dec 2011,Mean,382777,1.8,56160
E02000608,Kingston upon Thames 011,Year ending Dec 2011,Mean,332554,2,50655
E02000609,Kingston upon Thames 012,Year ending Dec 2011,Mean,368483,4.2,47153
E02000610,Kingston upon Thames 013,Year ending Dec 2011,Mean,322353,2.7,46204
E02000611,Kingston upon Thames 014,Year ending Dec 2011,Mean,412790,1.3,60608
E02000612,Kingston upon Thames 015,Year ending Dec 2011,Mean,374560,2.1,56148
E02000613,Kingston upon Thames 016,Year ending Dec 2011,Mean,352625,2.9,51836
E02000614,Kingston upon Thames 017,Year ending Dec 2011,Mean,264644,3.9,40877
E02000615,Kingston upon Thames 018,Year ending Dec 2011,Mean,257054,2.5,43522
E02000616,Kingston upon Thames 019,Year ending Dec 2011,Mean,241858,2.8,44409
E02000617,Kingston upon Thames 020,Year ending Dec 2011,Mean,255531,5.3,41564
E02000619,Lambeth 002,Year ending Dec 2011,Mean,349427,7.2,37023
E02000620,Lambeth 003,Year ending Dec 2011,Mean,461047,6.2,43377
E02000621,Lambeth 004,Year ending Dec 2011,Mean,467937,4.8,44918
E02000622,Lambeth 005,Year ending Dec 2011,Mean,432202,5,41580
E02000623,Lambeth 006,Year ending Dec 2011,Mean,383902,7.8,34088
E02000624,Lambeth 007,Year ending Dec 2011,Mean,345856,7.3,36772
E02000625,Lambeth 008,Year ending Dec 2011,Mean,275804,9.8,32425
E02000626,Lambeth 009,Year ending Dec 2011,Mean,263730,10.8,29998
E02000627,Lambeth 010,Year ending Dec 2011,Mean,372048,6.8,40275
E02000628,Lambeth 011,Year ending Dec 2011,Mean,238029,9.1,30469
E02000629,Lambeth 012,Year ending Dec 2011,Mean,398277,4,56334
E02000630,Lambeth 013,Year ending Dec 2011,Mean,582313,3.5,61879
E02000631,Lambeth 014,Year ending Dec 2011,Mean,407717,4.6,51876
E02000632,Lambeth 015,Year ending Dec 2011,Mean,377159,3.3,58630
E02000633,Lambeth 016,Year ending Dec 2011,Mean,312747,7.4,37611
E02000634,Lambeth 017,Year ending Dec 2011,Mean,387800,6.4,42227
E02000635,Lambeth 018,Year ending Dec 2011,Mean,414811,5.7,45331
E02000636,Lambeth 019,Year ending Dec 2011,Mean,644562,2.9,80544
E02000637,Lambeth 020,Year ending Dec 2011,Mean,315800,4.1,50530
E02000638,Lambeth 021,Year ending Dec 2011,Mean,271014,6.8,38227
E02000639,Lambeth 022,Year ending Dec 2011,Mean,216392,9.4,32191
E02000640,Lambeth 023,Year ending Dec 2011,Mean,475438,4.3,61195
E02000641,Lambeth 024,Year ending Dec 2011,Mean,202658,11.2,31570
E02000642,Lambeth 025,Year ending Dec 2011,Mean,367094,6.1,47995
E02000643,Lambeth 026,Year ending Dec 2011,Mean,364627,5,46018
E02000644,Lambeth 027,Year ending Dec 2011,Mean,306356,5,47373
E02000645,Lambeth 028,Year ending Dec 2011,Mean,370742,5.5,48708
E02000646,Lambeth 029,Year ending Dec 2011,Mean,315152,3.1,50075
E02000647,Lambeth 030,Year ending Dec 2011,Mean,311722,4.8,48623
E02000648,Lambeth 031,Year ending Dec 2011,Mean,216523,11.5,32605
E02000649,Lambeth 032,Year ending Dec 2011,Mean,262863,5.3,40818
E02000650,Lambeth 033,Year ending Dec 2011,Mean,278068,7.5,38580
E02000651,Lambeth 034,Year ending Dec 2011,Mean,264277,4.8,44937
E02000652,Lambeth 035,Year ending Dec 2011,Mean,239218,7.2,37091
E02006801,Lambeth 036,Year ending Dec 2011,Mean,446326,2.9,51982
E02000653,Lewisham 001,Year ending Dec 2011,Mean,239886,9.1,34040
E02000654,Lewisham 002,Year ending Dec 2011,Mean,163653,12.2,27398
E02000655,Lewisham 003,Year ending Dec 2011,Mean,231047,7.8,33742
E02000657,Lewisham 005,Year ending Dec 2011,Mean,272298,5.2,36912
E02000658,Lewisham 006,Year ending Dec 2011,Mean,319665,5.7,39385
E02000659,Lewisham 007,Year ending Dec 2011,Mean,411902,6,52997
E02000660,Lewisham 008,Year ending Dec 2011,Mean,276402,4,46847
E02000661,Lewisham 009,Year ending Dec 2011,Mean,437143,2.5,64776
E02000662,Lewisham 010,Year ending Dec 2011,Mean,261700,6.4,37643
E02000663,Lewisham 011,Year ending Dec 2011,Mean,280501,3.8,46371
E02000664,Lewisham 012,Year ending Dec 2011,Mean,209872,7.6,34878
E02000665,Lewisham 013,Year ending Dec 2011,Mean,331173,3.9,49455
E02000666,Lewisham 014,Year ending Dec 2011,Mean,320112,5.3,45471
E02000667,Lewisham 015,Year ending Dec 2011,Mean,303148,3.3,54590
E02000668,Lewisham 016,Year ending Dec 2011,Mean,300993,4.1,54950
E02000669,Lewisham 017,Year ending Dec 2011,Mean,223969,5.7,42710
E02000670,Lewisham 018,Year ending Dec 2011,Mean,208225,8.6,35246
E02000671,Lewisham 019,Year ending Dec 2011,Mean,282286,4.8,49252
E02000672,Lewisham 020,Year ending Dec 2011,Mean,228520,6.1,36184
E02000673,Lewisham 021,Year ending Dec 2011,Mean,312338,3.9,58167
E02000674,Lewisham 022,Year ending Dec 2011,Mean,232519,5.4,43916
E02000675,Lewisham 023,Year ending Dec 2011,Mean,263187,4.6,47035
E02000676,Lewisham 024,Year ending Dec 2011,Mean,286307,5.3,50294
E02000677,Lewisham 025,Year ending Dec 2011,Mean,284614,4.3,46113
E02000678,Lewisham 026,Year ending Dec 2011,Mean,165784,8.9,34142
E02000679,Lewisham 027,Year ending Dec 2011,Mean,278431,7.7,39000
E02000680,Lewisham 028,Year ending Dec 2011,Mean,277382,7.3,38438
E02000681,Lewisham 029,Year ending Dec 2011,Mean,217656,7.5,34266
E02000682,Lewisham 030,Year ending Dec 2011,Mean,215270,9.5,34263
E02000683,Lewisham 031,Year ending Dec 2011,Mean,180738,9,33601
E02000685,Lewisham 033,Year ending Dec 2011,Mean,282467,6.9,38402
E02000686,Lewisham 034,Year ending Dec 2011,Mean,182724,11.9,29832
E02000687,Lewisham 035,Year ending Dec 2011,Mean,274529,5.6,41574
E02006783,Lewisham 037,Year ending Dec 2011,Mean,179508,11.6,31543
E02006784,Lewisham 038,Year ending Dec 2011,Mean,203485,7.3,32635
E02006798,Lewisham 039,Year ending Dec 2011,Mean,207485,8.2,30045
E02000689,Merton 001,Year ending Dec 2011,Mean,721751,2.7,71236
E02000690,Merton 002,Year ending Dec 2011,Mean,1633821,1.9,100065
E02000691,Merton 003,Year ending Dec 2011,Mean,566541,2,69872
E02000692,Merton 004,Year ending Dec 2011,Mean,790078,1.3,79134
E02000693,Merton 005,Year ending Dec 2011,Mean,266791,1.9,44560
E02000694,Merton 006,Year ending Dec 2011,Mean,426160,2.2,59758
E02000695,Merton 007,Year ending Dec 2011,Mean,263159,3.6,38558
E02000696,Merton 008,Year ending Dec 2011,Mean,211648,4.8,36900
E02000697,Merton 009,Year ending Dec 2011,Mean,452006,1.4,68953
E02000698,Merton 010,Year ending Dec 2011,Mean,779649,1.7,81368
E02000699,Merton 011,Year ending Dec 2011,Mean,410638,1.3,67572
E02000700,Merton 012,Year ending Dec 2011,Mean,216653,6,33076
E02000701,Merton 013,Year ending Dec 2011,Mean,214003,6.2,34931
E02000702,Merton 014,Year ending Dec 2011,Mean,204871,6.8,33636
E02000703,Merton 015,Year ending Dec 2011,Mean,496489,1.9,64529
E02000704,Merton 016,Year ending Dec 2011,Mean,304246,2.5,47284
E02000705,Merton 017,Year ending Dec 2011,Mean,227321,4.2,38776
E02000706,Merton 018,Year ending Dec 2011,Mean,188747,7.9,29054
E02000707,Merton 019,Year ending Dec 2011,Mean,200622,8.3,32632
E02000708,Merton 020,Year ending Dec 2011,Mean,311796,2.6,53074
E02000709,Merton 021,Year ending Dec 2011,Mean,303165,1.6,50008
E02000710,Merton 022,Year ending Dec 2011,Mean,211281,4.7,35890
E02000711,Merton 023,Year ending Dec 2011,Mean,212229,5.8,34246
E02000712,Merton 024,Year ending Dec 2011,Mean,218551,5.8,35161
E02000713,Merton 025,Year ending Dec 2011,Mean,263214,2.1,42744
E02000714,Newham 001,Year ending Dec 2011,Mean,230875,8.2,35894
E02000715,Newham 002,Year ending Dec 2011,Mean,193739,11,28808
E02000716,Newham 003,Year ending Dec 2011,Mean,230204,8.3,33964
E02000717,Newham 004,Year ending Dec 2011,Mean,203717,9.1,29825
E02000718,Newham 005,Year ending Dec 2011,Mean,178646,13.3,28284
E02000719,Newham 006,Year ending Dec 2011,Mean,213514,5.9,32484
E02000720,Newham 007,Year ending Dec 2011,Mean,239967,5.9,37971
E02000721,Newham 008,Year ending Dec 2011,Mean,202573,8,30256
E02000722,Newham 009,Year ending Dec 2011,Mean,238168,6.3,39460
E02000723,Newham 010,Year ending Dec 2011,Mean,220889,6.6,32564
E02000724,Newham 011,Year ending Dec 2011,Mean,208032,7.6,30690
E02000725,Newham 012,Year ending Dec 2011,Mean,222389,5.1,39236
E02000726,Newham 013,Year ending Dec 2011,Mean,237286,5,41397
E02000727,Newham 014,Year ending Dec 2011,Mean,202750,6.5,31376
E02000728,Newham 015,Year ending Dec 2011,Mean,216564,7.1,32667
E02000729,Newham 016,Year ending Dec 2011,Mean,232432,6.6,36594
E02000730,Newham 017,Year ending Dec 2011,Mean,226583,6.7,31122
E02000731,Newham 018,Year ending Dec 2011,Mean,197513,6.4,32147
E02000732,Newham 019,Year ending Dec 2011,Mean,196545,11.3,26996
E02000733,Newham 020,Year ending Dec 2011,Mean,219618,9.6,31053
E02000734,Newham 021,Year ending Dec 2011,Mean,187087,8.7,30666
E02000735,Newham 022,Year ending Dec 2011,Mean,180623,9.1,29570
E02000736,Newham 023,Year ending Dec 2011,Mean,197400,10.8,30497
E02000737,Newham 024,Year ending Dec 2011,Mean,192906,9.1,32407
E02000738,Newham 025,Year ending Dec 2011,Mean,218468,6.8,37180
E02000739,Newham 026,Year ending Dec 2011,Mean,200739,8.7,30544
E02000740,Newham 027,Year ending Dec 2011,Mean,208760,9.2,30040
E02000741,Newham 028,Year ending Dec 2011,Mean,193963,9.3,32001
E02000742,Newham 029,Year ending Dec 2011,Mean,195853,10.2,31398
E02000743,Newham 030,Year ending Dec 2011,Mean,164733,10.3,27500
E02000744,Newham 031,Year ending Dec 2011,Mean,170632,10.5,29926
E02000745,Newham 032,Year ending Dec 2011,Mean,202267,7.7,34674
E02000746,Newham 033,Year ending Dec 2011,Mean,242064,8.5,36673
E02000747,Newham 034,Year ending Dec 2011,Mean,239860,6.5,39471
E02000748,Newham 035,Year ending Dec 2011,Mean,195724,7.7,39604
E02000749,Newham 036,Year ending Dec 2011,Mean,175196,10.6,29516
E02000750,Newham 037,Year ending Dec 2011,Mean,255058,7.3,48881
E02000751,Redbridge 001,Year ending Dec 2011,Mean,482275,1.2,71100
E02000752,Redbridge 002,Year ending Dec 2011,Mean,207750,8.1,31053
E02000753,Redbridge 003,Year ending Dec 2011,Mean,237240,7.5,35205
E02000754,Redbridge 004,Year ending Dec 2011,Mean,296913,4.7,46508
E02000755,Redbridge 005,Year ending Dec 2011,Mean,266467,4.4,41594
E02000756,Redbridge 006,Year ending Dec 2011,Mean,283396,5.4,41665
E02000757,Redbridge 007,Year ending Dec 2011,Mean,316494,2.2,60355
E02000758,Redbridge 008,Year ending Dec 2011,Mean,268495,5.5,39484
E02000759,Redbridge 009,Year ending Dec 2011,Mean,307825,4.4,48649
E02000760,Redbridge 010,Year ending Dec 2011,Mean,251951,6.9,37837
E02000762,Redbridge 012,Year ending Dec 2011,Mean,306799,2.5,51698
E02000763,Redbridge 013,Year ending Dec 2011,Mean,238292,5.5,39833
E02000764,Redbridge 014,Year ending Dec 2011,Mean,335818,1.8,60737
E02000765,Redbridge 015,Year ending Dec 2011,Mean,261131,4.4,45399
E02000767,Redbridge 017,Year ending Dec 2011,Mean,261234,4.8,42164
E02000768,Redbridge 018,Year ending Dec 2011,Mean,457934,2.1,66315
E02000769,Redbridge 019,Year ending Dec 2011,Mean,206521,7.7,39116
E02000770,Redbridge 020,Year ending Dec 2011,Mean,244658,6.1,37779
E02000772,Redbridge 022,Year ending Dec 2011,Mean,269802,8.2,37604
E02000773,Redbridge 023,Year ending Dec 2011,Mean,244571,7.7,38544
E02000774,Redbridge 024,Year ending Dec 2011,Mean,227013,8.3,34124
E02000776,Redbridge 026,Year ending Dec 2011,Mean,257395,5.7,38721
E02000777,Redbridge 027,Year ending Dec 2011,Mean,359954,2.9,56356
E02000779,Redbridge 029,Year ending Dec 2011,Mean,219115,8.8,34912
E02000780,Redbridge 030,Year ending Dec 2011,Mean,215346,10.8,31301
E02000781,Redbridge 031,Year ending Dec 2011,Mean,275585,6.2,38556
E02000782,Redbridge 032,Year ending Dec 2011,Mean,215027,14.3,28937
E02000783,Redbridge 033,Year ending Dec 2011,Mean,215594,16.4,28934
E02006800,Redbridge 034,Year ending Dec 2011,Mean,230405,8.2,35478
E02006924,Redbridge 035,Year ending Dec 2011,Mean,306757,4.9,43793
E02006925,Redbridge 036,Year ending Dec 2011,Mean,333186,3.2,53542
E02000784,Richmond upon Thames 001,Year ending Dec 2011,Mean,1027279,3.1,67364
E02000785,Richmond upon Thames 002,Year ending Dec 2011,Mean,706664,1.4,73947
E02000786,Richmond upon Thames 003,Year ending Dec 2011,Mean,677338,2.9,57050
E02000787,Richmond upon Thames 004,Year ending Dec 2011,Mean,534632,3.3,52474
E02000788,Richmond upon Thames 005,Year ending Dec 2011,Mean,663195,2,66378
E02000789,Richmond upon Thames 006,Year ending Dec 2011,Mean,693474,1.6,63758
E02000790,Richmond upon Thames 007,Year ending Dec 2011,Mean,590906,1.9,71783
E02000791,Richmond upon Thames 008,Year ending Dec 2011,Mean,873609,1.4,74317
E02000792,Richmond upon Thames 009,Year ending Dec 2011,Mean,663696,1.3,66233
E02000793,Richmond upon Thames 010,Year ending Dec 2011,Mean,302243,2.8,45055
E02000794,Richmond upon Thames 011,Year ending Dec 2011,Mean,455162,1.7,55640
E02000795,Richmond upon Thames 012,Year ending Dec 2011,Mean,987279,2.3,76657
E02000796,Richmond upon Thames 013,Year ending Dec 2011,Mean,306969,5.4,40575
E02000797,Richmond upon Thames 014,Year ending Dec 2011,Mean,431972,1.4,58068
E02000798,Richmond upon Thames 015,Year ending Dec 2011,Mean,357864,2.5,49870
E02000799,Richmond upon Thames 016,Year ending Dec 2011,Mean,540055,1.6,66432
E02000800,Richmond upon Thames 017,Year ending Dec 2011,Mean,353079,5,43046
E02000801,Richmond upon Thames 018,Year ending Dec 2011,Mean,450112,1.3,59185
E02000802,Richmond upon Thames 019,Year ending Dec 2011,Mean,505448,1.7,53848
E02000803,Richmond upon Thames 020,Year ending Dec 2011,Mean,334991,4.1,43246
E02000804,Richmond upon Thames 021,Year ending Dec 2011,Mean,491067,1.3,57007
E02000805,Richmond upon Thames 022,Year ending Dec 2011,Mean,489545,3,53492
E02000806,Richmond upon Thames 023,Year ending Dec 2011,Mean,432492,2.6,52494
E02000807,Southwark 001,Year ending Dec 2011,Mean,360163,3.1,67388
E02000808,Southwark 002,Year ending Dec 2011,Mean,731437,3.4,55571
E02000809,Southwark 003,Year ending Dec 2011,Mean,547243,2.4,73941
E02000810,Southwark 004,Year ending Dec 2011,Mean,304694,7.2,37364
E02000812,Southwark 006,Year ending Dec 2011,Mean,353300,5.7,39033
E02000813,Southwark 007,Year ending Dec 2011,Mean,332354,7.9,35969
E02000814,Southwark 008,Year ending Dec 2011,Mean,326612,3.5,60860
E02000815,Southwark 009,Year ending Dec 2011,Mean,324539,4.8,42867
E02000816,Southwark 010,Year ending Dec 2011,Mean,251303,7.3,33919
E02000817,Southwark 011,Year ending Dec 2011,Mean,207337,9.4,28757
E02000818,Southwark 012,Year ending Dec 2011,Mean,273104,6.1,32762
E02000819,Southwark 013,Year ending Dec 2011,Mean,234607,8.2,31838
E02000820,Southwark 014,Year ending Dec 2011,Mean,338358,6.8,37390
E02000821,Southwark 015,Year ending Dec 2011,Mean,308828,9.3,30092
E02000822,Southwark 016,Year ending Dec 2011,Mean,207114,9.2,29978
E02000823,Southwark 017,Year ending Dec 2011,Mean,294067,6.9,35645
E02000824,Southwark 018,Year ending Dec 2011,Mean,199540,11.5,29264
E02000825,Southwark 019,Year ending Dec 2011,Mean,188944,11.3,30865
E02000826,Southwark 020,Year ending Dec 2011,Mean,313367,6.7,34806
E02000827,Southwark 021,Year ending Dec 2011,Mean,281835,6.9,32633
E02000828,Southwark 022,Year ending Dec 2011,Mean,235682,9.3,31502
E02000829,Southwark 023,Year ending Dec 2011,Mean,260676,6.9,33319
E02000830,Southwark 024,Year ending Dec 2011,Mean,415311,3.8,53060
E02000831,Southwark 025,Year ending Dec 2011,Mean,387089,5.3,47675
E02000832,Southwark 026,Year ending Dec 2011,Mean,296849,7.9,35362
E02000833,Southwark 027,Year ending Dec 2011,Mean,282367,8,39830
E02000834,Southwark 028,Year ending Dec 2011,Mean,403272,2.7,61820
E02000835,Southwark 029,Year ending Dec 2011,Mean,337984,6.8,48021
E02000836,Southwark 030,Year ending Dec 2011,Mean,535418,2.4,69957
E02000837,Southwark 031,Year ending Dec 2011,Mean,887965,2.3,93075
E02000838,Southwark 032,Year ending Dec 2011,Mean,357764,4.3,57502
E02000839,Southwark 033,Year ending Dec 2011,Mean,440468,5.8,58641
E02006802,Southwark 034,Year ending Dec 2011,Mean,384341,4.7,39889
E02000840,Sutton 001,Year ending Dec 2011,Mean,180413,8.2,28961
E02000841,Sutton 002,Year ending Dec 2011,Mean,189197,8.5,29024
E02000842,Sutton 003,Year ending Dec 2011,Mean,261461,2.7,39368
E02000843,Sutton 004,Year ending Dec 2011,Mean,186904,4.4,37629
E02000844,Sutton 005,Year ending Dec 2011,Mean,214656,4.3,34731
E02000845,Sutton 006,Year ending Dec 2011,Mean,324091,3.2,45146
E02000846,Sutton 007,Year ending Dec 2011,Mean,244652,3.1,40533
E02000847,Sutton 008,Year ending Dec 2011,Mean,276416,2,47121
E02000848,Sutton 009,Year ending Dec 2011,Mean,266545,2,43344
E02000849,Sutton 010,Year ending Dec 2011,Mean,227299,4,39689
E02000850,Sutton 011,Year ending Dec 2011,Mean,239094,2.5,41458
E02000851,Sutton 012,Year ending Dec 2011,Mean,182780,5.1,34092
E02000852,Sutton 013,Year ending Dec 2011,Mean,225746,2.6,42929
E02000853,Sutton 014,Year ending Dec 2011,Mean,228396,3.6,39613
E02000854,Sutton 015,Year ending Dec 2011,Mean,275310,2.3,49134
E02000855,Sutton 016,Year ending Dec 2011,Mean,386844,2,57025
E02000856,Sutton 017,Year ending Dec 2011,Mean,218480,1.9,44260
E02000857,Sutton 018,Year ending Dec 2011,Mean,218713,2.5,44818
E02000858,Sutton 019,Year ending Dec 2011,Mean,211157,9.9,29390
E02000859,Sutton 020,Year ending Dec 2011,Mean,282953,3.4,44744
E02000860,Sutton 021,Year ending Dec 2011,Mean,214539,3.8,37596
E02000861,Sutton 022,Year ending Dec 2011,Mean,440508,1.2,68087
E02000863,Sutton 024,Year ending Dec 2011,Mean,369283,2.8,53054
E02006836,Sutton 025,Year ending Dec 2011,Mean,507730,1.1,68667
E02000864,Tower Hamlets 001,Year ending Dec 2011,Mean,231523,9.6,37838
E02000865,Tower Hamlets 002,Year ending Dec 2011,Mean,273462,8.8,39617
E02000866,Tower Hamlets 003,Year ending Dec 2011,Mean,398431,5.6,57398
E02000867,Tower Hamlets 004,Year ending Dec 2011,Mean,273578,6.9,49343
E02000868,Tower Hamlets 005,Year ending Dec 2011,Mean,292785,6.8,43003
E02000869,Tower Hamlets 006,Year ending Dec 2011,Mean,384058,6.1,44283
E02000870,Tower Hamlets 007,Year ending Dec 2011,Mean,283069,8.4,40408
E02000871,Tower Hamlets 008,Year ending Dec 2011,Mean,241913,12.1,35601
E02000872,Tower Hamlets 009,Year ending Dec 2011,Mean,329895,7.6,42659
E02000873,Tower Hamlets 010,Year ending Dec 2011,Mean,288527,7.9,38280
E02000874,Tower Hamlets 011,Year ending Dec 2011,Mean,276778,10.3,35129
E02000875,Tower Hamlets 012,Year ending Dec 2011,Mean,248091,11.5,35928
E02000876,Tower Hamlets 013,Year ending Dec 2011,Mean,253167,7.1,38721
E02000877,Tower Hamlets 014,Year ending Dec 2011,Mean,292773,11,36018
E02000878,Tower Hamlets 015,Year ending Dec 2011,Mean,432000,4.8,50189
E02000879,Tower Hamlets 016,Year ending Dec 2011,Mean,314611,7.3,37452
E02000880,Tower Hamlets 017,Year ending Dec 2011,Mean,272847,7.3,37773
E02000881,Tower Hamlets 018,Year ending Dec 2011,Mean,220321,14.6,34221
E02000882,Tower Hamlets 019,Year ending Dec 2011,Mean,261149,10.9,37614
E02000883,Tower Hamlets 020,Year ending Dec 2011,Mean,239490,13,32691
E02000884,Tower Hamlets 021,Year ending Dec 2011,Mean,336677,5.6,53324
E02000885,Tower Hamlets 022,Year ending Dec 2011,Mean,258780,10.3,33760
E02000886,Tower Hamlets 023,Year ending Dec 2011,Mean,359787,5.6,56036
E02000887,Tower Hamlets 024,Year ending Dec 2011,Mean,246681,13,35431
E02000888,Tower Hamlets 025,Year ending Dec 2011,Mean,393596,7.1,52324
E02000889,Tower Hamlets 026,Year ending Dec 2011,Mean,376383,4.6,62410
E02000890,Tower Hamlets 027,Year ending Dec 2011,Mean,625076,1.6,95657
E02000891,Tower Hamlets 028,Year ending Dec 2011,Mean,374637,5.9,66309
E02000893,Tower Hamlets 030,Year ending Dec 2011,Mean,321578,7.1,53216
E02000894,Tower Hamlets 031,Year ending Dec 2011,Mean,323623,4.1,76777
E02006853,Tower Hamlets 032,Year ending Dec 2011,Mean,342549,6.7,61882
E02006854,Tower Hamlets 033,Year ending Dec 2011,Mean,486192,3.7,80653
E02000895,Waltham Forest 001,Year ending Dec 2011,Mean,294813,5.1,41349
E02000896,Waltham Forest 002,Year ending Dec 2011,Mean,312398,3.2,58890
E02000897,Waltham Forest 003,Year ending Dec 2011,Mean,275488,6.8,37987
E02000898,Waltham Forest 004,Year ending Dec 2011,Mean,254296,6.1,43892
E02000899,Waltham Forest 005,Year ending Dec 2011,Mean,233508,4.4,42783
E02000900,Waltham Forest 006,Year ending Dec 2011,Mean,218968,7,36255
E02000901,Waltham Forest 007,Year ending Dec 2011,Mean,283461,3.5,55288
E02000902,Waltham Forest 008,Year ending Dec 2011,Mean,238363,7,37246
E02000903,Waltham Forest 009,Year ending Dec 2011,Mean,202934,10.8,31174
E02000904,Waltham Forest 010,Year ending Dec 2011,Mean,246889,6.3,42295
E02000905,Waltham Forest 011,Year ending Dec 2011,Mean,229159,6.2,37833
E02000906,Waltham Forest 012,Year ending Dec 2011,Mean,208575,7.6,35415
E02000907,Waltham Forest 013,Year ending Dec 2011,Mean,220910,9.1,30288
E02000908,Waltham Forest 014,Year ending Dec 2011,Mean,190670,5.7,34691
E02000909,Waltham Forest 015,Year ending Dec 2011,Mean,292114,4.3,47119
E02000910,Waltham Forest 016,Year ending Dec 2011,Mean,249969,5.3,37669
E02000911,Waltham Forest 017,Year ending Dec 2011,Mean,232035,6.5,34394
E02000912,Waltham Forest 018,Year ending Dec 2011,Mean,220032,8.1,34468
E02000913,Waltham Forest 019,Year ending Dec 2011,Mean,275696,5.3,40991
E02000914,Waltham Forest 020,Year ending Dec 2011,Mean,227626,8.8,29391
E02000915,Waltham Forest 021,Year ending Dec 2011,Mean,293330,4.2,44759
E02000916,Waltham Forest 022,Year ending Dec 2011,Mean,190270,8.5,32197
E02000917,Waltham Forest 023,Year ending Dec 2011,Mean,199684,4.5,36145
E02000918,Waltham Forest 024,Year ending Dec 2011,Mean,244701,5.8,36937
E02000919,Waltham Forest 025,Year ending Dec 2011,Mean,223544,4.7,36160
E02000920,Waltham Forest 026,Year ending Dec 2011,Mean,192944,8.2,31140
E02000921,Waltham Forest 027,Year ending Dec 2011,Mean,220989,9.5,30743
E02000922,Waltham Forest 028,Year ending Dec 2011,Mean,209412,6.4,33082
E02000923,Wandsworth 001,Year ending Dec 2011,Mean,795461,2.3,68811
E02000924,Wandsworth 002,Year ending Dec 2011,Mean,434645,6.2,41434
E02000925,Wandsworth 003,Year ending Dec 2011,Mean,516552,7.7,40919
E02000926,Wandsworth 004,Year ending Dec 2011,Mean,527012,3.4,58180
E02000927,Wandsworth 005,Year ending Dec 2011,Mean,420019,4.8,49864
E02000928,Wandsworth 006,Year ending Dec 2011,Mean,752223,1.6,85728
E02000929,Wandsworth 007,Year ending Dec 2011,Mean,231515,9.4,32868
E02000930,Wandsworth 008,Year ending Dec 2011,Mean,470293,2.6,66555
E02000931,Wandsworth 009,Year ending Dec 2011,Mean,632055,1,90346
E02000932,Wandsworth 010,Year ending Dec 2011,Mean,517440,1.1,82595
E02000933,Wandsworth 011,Year ending Dec 2011,Mean,648843,1.8,75085
E02000934,Wandsworth 012,Year ending Dec 2011,Mean,498268,2.2,63112
E02000935,Wandsworth 013,Year ending Dec 2011,Mean,470115,11.6,30145
E02000936,Wandsworth 014,Year ending Dec 2011,Mean,471219,2.4,63742
E02000937,Wandsworth 015,Year ending Dec 2011,Mean,747111,1.6,86863
E02000938,Wandsworth 016,Year ending Dec 2011,Mean,438152,6.4,43793
E02000939,Wandsworth 017,Year ending Dec 2011,Mean,976978,2.9,99260
E02000940,Wandsworth 018,Year ending Dec 2011,Mean,316860,6,45126
E02000941,Wandsworth 019,Year ending Dec 2011,Mean,614610,2.3,70972
E02000942,Wandsworth 020,Year ending Dec 2011,Mean,571386,1.6,79324
E02000943,Wandsworth 021,Year ending Dec 2011,Mean,627266,1.8,73582
E02000944,Wandsworth 022,Year ending Dec 2011,Mean,325427,7.3,40781
E02000945,Wandsworth 023,Year ending Dec 2011,Mean,278455,6.6,33423
E02000946,Wandsworth 024,Year ending Dec 2011,Mean,413566,3.3,51864
E02000947,Wandsworth 025,Year ending Dec 2011,Mean,450601,1.9,71622
E02000948,Wandsworth 026,Year ending Dec 2011,Mean,419058,2.4,65976
E02000949,Wandsworth 027,Year ending Dec 2011,Mean,629520,1.3,80221
E02000950,Wandsworth 028,Year ending Dec 2011,Mean,462950,4.2,52284
E02000951,Wandsworth 029,Year ending Dec 2011,Mean,416286,2.5,55155
E02000952,Wandsworth 030,Year ending Dec 2011,Mean,532217,3.2,59421
E02000953,Wandsworth 031,Year ending Dec 2011,Mean,388858,2.2,56984
E02000954,Wandsworth 032,Year ending Dec 2011,Mean,373262,4.5,49151
E02000955,Wandsworth 033,Year ending Dec 2011,Mean,319384,7,39856
E02000956,Wandsworth 034,Year ending Dec 2011,Mean,294351,6.8,37100
E02000957,Wandsworth 035,Year ending Dec 2011,Mean,281725,5,43609
E02000958,Wandsworth 036,Year ending Dec 2011,Mean,363567,4.3,48763
E02000959,Wandsworth 037,Year ending Dec 2011,Mean,253218,6.8,40428
E02000960,Westminster 001,Year ending Dec 2011,Mean,1245217,3.5,86320
E02000961,Westminster 002,Year ending Dec 2011,Mean,1303346,7.1,64395
E02000962,Westminster 003,Year ending Dec 2011,Mean,785764,4.1,59928
E02000963,Westminster 004,Year ending Dec 2011,Mean,419532,11.2,40778
E02000964,Westminster 005,Year ending Dec 2011,Mean,367593,8.9,44844
E02000965,Westminster 006,Year ending Dec 2011,Mean,547410,5.2,65035
E02000966,Westminster 007,Year ending Dec 2011,Mean,861988,2.8,87472
E02000967,Westminster 008,Year ending Dec 2011,Mean,856499,2.5,86424
E02000968,Westminster 009,Year ending Dec 2011,Mean,415534,13,33072
E02000969,Westminster 010,Year ending Dec 2011,Mean,423615,13.8,37467
E02000970,Westminster 011,Year ending Dec 2011,Mean,1348664,1.4,104199
E02000971,Westminster 012,Year ending Dec 2011,Mean,870948,2.6,72293
E02000972,Westminster 013,Year ending Dec 2011,Mean,1051108,2,67073
E02000973,Westminster 014,Year ending Dec 2011,Mean,999860,3.1,69158
E02000974,Westminster 015,Year ending Dec 2011,Mean,922223,5.2,62390
E02000975,Westminster 016,Year ending Dec 2011,Mean,962284,2.2,76266
E02000976,Westminster 017,Year ending Dec 2011,Mean,699081,3.5,62234
E02000977,Westminster 018,Year ending Dec 2011,Mean,1267820,1.4,85245
E02000978,Westminster 019,Year ending Dec 2011,Mean,2603412,2.7,141363
E02000979,Westminster 020,Year ending Dec 2011,Mean,1035122,3.1,80091
E02000980,Westminster 021,Year ending Dec 2011,Mean,636388,4.7,57290
E02000981,Westminster 022,Year ending Dec 2011,Mean,814260,2,80753
E02000982,Westminster 023,Year ending Dec 2011,Mean,827082,6.6,54429
E02000983,Westminster 024,Year ending Dec 2011,Mean,703038,5.1,56016
